nom,groupe_sigle,commission_permanente,fonction,assemblee_nationale_email
Charles de Courson,LIOT,Finances de l’économie générale et du contrôle budgétaire,Vice-président,charles.decourson@assemblee-nationale.fr
Marc Le Fur,LR,Finances de l’économie générale et du contrôle budgétaire,Membre,marc.lefur@assemblee-nationale.fr
Éric Ciotti,LR,Lois,Membre,eric.ciotti@assemblee-nationale.fr
Monique Iborra,REN,Affaires sociales,Membre,monique.iborra@assemblee-nationale.fr
Thierry Benoit,HOR,Affaires économiques,Secrétaire,thierry.benoit@assemblee-nationale.fr
Philippe Vigier,MODEM,Affaires sociales,Membre,philippe.vigier@assemblee-nationale.fr
Olivier Dussopt,REN,Lois,Membre,olivier.dussopt@assemblee-nationale.fr
Jacqueline Maquet,REN,Affaires économiques,Membre,jacqueline.maquet@assemblee-nationale.fr
Michel Herbillon,LR,Affaires étrangères,Vice-président,michel.herbillon@assemblee-nationale.fr
Michèle Tabarot,LR,Affaires étrangères,Membre,michele.tabarot@assemblee-nationale.fr
Éric Woerth,REN,Finances de l’économie générale et du contrôle budgétaire,Président,eric.woerth@assemblee-nationale.fr
Philippe Gosselin,LR,Lois,Vice-président,philippe.gosselin@assemblee-nationale.fr
Joël Giraud,REN,Finances de l’économie générale et du contrôle budgétaire,Rapporteur Général,joel.giraud@assemblee-nationale.fr
Bertrand Pancher,LIOT,Affaires culturelles et de l'éducation,Membre,bertrand.pancher@assemblee-nationale.fr
Delphine Batho,ECO,Affaires économiques,Membre,delphine.batho@assemblee-nationale.fr
Pierre Morel-À-L'Huissier,LIOT,Lois,Secrétaire,pierre.morel-a-lhuissier@assemblee-nationale.fr
Marie-Noëlle Battistel,SOC,Affaires économiques,Vice-présidente,marie-noelle.battistel@assemblee-nationale.fr
Véronique Besse,NI,,,veronique.besse@assemblee-nationale.fr
Guillaume Garot,SOC,Développement durable et aménagement du territoire,Vice-président,guillaume.garot@assemblee-nationale.fr
Yannick Favennec-Bécot,HOR,Défense nationale et forces armées,Membre,yannick.favennec@assemblee-nationale.fr
André Chassaigne,GDR,Défense nationale et forces armées,Membre,andre.chassaigne@assemblee-nationale.fr
Jean-Luc Warsmann,LIOT,Lois,Membre,jean-luc.warsmann@assemblee-nationale.fr
Nicolas Dupont-Aignan,NI,Affaires étrangères,Membre,nicolas.dupont-aignan@assemblee-nationale.fr
Marie-Christine Dalloz,LR,Finances de l’économie générale et du contrôle budgétaire,Secrétaire,marie-christine.dalloz@assemblee-nationale.fr
Dino Cinieri,LR,Affaires économiques,Membre,dino.cinieri@assemblee-nationale.fr
Marietta Karamanli,SOC,Lois,Membre,marietta.karamanli@assemblee-nationale.fr
Julien Dive,LR,Affaires économiques,Membre,julien.dive@assemblee-nationale.fr
David Habib,NI,Finances de l’économie générale et du contrôle budgétaire,Membre,david.habib@assemblee-nationale.fr
Xavier Breton,LR,Lois,Secrétaire,xavier.breton@assemblee-nationale.fr
Franck Riester,REN,Défense nationale et forces armées,Membre,franck.riester@assemblee-nationale.fr
Olivier Marleix,LR,Lois,Membre,olivier.marleix@assemblee-nationale.fr
Cécile Untermaier,SOC,Lois,Membre,cecile.untermaier@assemblee-nationale.fr
Damien Abad,REN,Finances de l’économie générale et du contrôle budgétaire,Membre,damien.abad@assemblee-nationale.fr
Véronique Louwagie,LR,Finances de l’économie générale et du contrôle budgétaire,Membre,veronique.louwagie@assemblee-nationale.fr
Patrick Vignal,REN,Affaires culturelles et de l'éducation,Membre,patrick.vignal@assemblee-nationale.fr
Gérald Darmanin,REN,,,gerald.darmanin@assemblee-nationale.fr
Paul Molac,LIOT,Lois,Membre,paul.molac@assemblee-nationale.fr
Olivier Falorni,NI,Affaires économiques,Membre,olivier.falorni@assemblee-nationale.fr
Eva Sas,ECO,Finances,VP,eva.sas@assemblee-nationale.fr
Dominique Potier,SOC,Affaires économiques,Membre,dominique.potier@assemblee-nationale.fr
Nicolas Sansu,GDR,Finances,Membre,nicolas.sansu@assemblee-nationale.fr
Laurent Marcangeli,HOR,Finances,Membre,laurent.marcangeli@assemblee-nationale.fr
Stéphane Travert,REN,Défense nationale et forces armées,Membre,stephane.travert@assemblee-nationale.fr
Jean-Philippe Nilor,LFI,Affaires sociales,Membre,jean-philippe.nilor@assemblee-nationale.fr
Éric Alauzet,REN,Développement durable et aménagement du territoire,Membre,eric.alauzet@assemblee-nationale.fr
Jean-Pierre Vigier,LR,Affaires économiques,Membre,jean-pierre.vigier@assemblee-nationale.fr
Annie Genevard,LR,Affaires culturelles et de l'éducation,Membre,annie.genevard@assemblee-nationale.fr
Olivier Faure,SOC,Défense nationale et forces armées,Membre,olivier.faure@assemblee-nationale.fr
Valérie Rabault,SOC,Finances de l’économie générale et du contrôle budgétaire,Membre,valerie.rabault@assemblee-nationale.fr
Sophie Errante,REN,Finances de l’économie générale et du contrôle budgétaire,Membre,sophie.errante@assemblee-nationale.fr
Florent Boudié,REN,Lois,Membre,florent.boudie@assemblee-nationale.fr
Christine Pires Beaune,SOC,Finances de l’économie générale et du contrôle budgétaire,Secrétaire,christine.piresbeaune@assemblee-nationale.fr
Jean-Louis Bricout,NI,Finances de l’économie générale et du contrôle budgétaire,Membre,jean-louis.bricout@assemblee-nationale.fr
Barbara Pompili,REN,Développement durable et aménagement du territoire,Présidente,barbara.pompili@assemblee-nationale.fr
Virginie Duby-Muller,LR,Affaires culturelles et de l'éducation,Membre,virginie.duby-muller@assemblee-nationale.fr
Patrick Hetzel,LR,Finances de l’économie générale et du contrôle budgétaire,Membre,patrick.hetzel@assemblee-nationale.fr
Olivier Véran,REN,Affaires sociales,Rapporteur Général,olivier.veran@assemblee-nationale.fr
Jérôme Guedj,SOC,,,jerome.guedj@assemblee-nationale.fr
Meyer Habib,LR,Affaires étrangères,Vice-président,meyer.habib@assemblee-nationale.fr
Joël Aviragnet,SOC,Affaires sociales,Membre,joel.aviragnet@assemblee-nationale.fr
Philippe Naillet,SOC,,,philippe.naillet@assemblee-nationale.fr
Éric Bothorel,REN,Affaires économiques,Membre,eric.bothorel@assemblee-nationale.fr
Nadia Hai,REN,Finances de l’économie générale et du contrôle budgétaire,Secrétaire,nadia.hai@assemblee-nationale.fr
Guillaume Kasbarian,REN,Affaires économiques,Membre,guillaume.kasbarian@assemblee-nationale.fr
Cyrille Isaac-Sibille,MODEM,Affaires sociales,Secrétaire,cyrille.isaac-sibille@assemblee-nationale.fr
Guillaume Vuilletet,REN,Lois,Membre,guillaume.vuilletet@assemblee-nationale.fr
Emmanuelle Anthoine,LR,Affaires culturelles et de l'éducation,Membre,emmanuelle.anthoine@assemblee-nationale.fr
Laurence Vichnievsky,MODEM,Finances de l’économie générale et du contrôle budgétaire,Membre,laurence.vichnievsky@assemblee-nationale.fr
Annaïg Le Meur,REN,Affaires économiques,Membre,annaig.lemeur@assemblee-nationale.fr
Jean-Paul Lecoq,GDR,Affaires étrangères,Membre,jean-paul.lecoq@assemblee-nationale.fr
Bertrand Sorre,REN,Affaires culturelles et de l'éducation,Membre,bertrand.sorre@assemblee-nationale.fr
Aurore Bergé,REN,Affaires culturelles et de l'éducation,Membre,aurore.berge@assemblee-nationale.fr
Jean-Marc Zulesi,REN,Développement durable et aménagement du territoire,Membre,jean-marc.zulesi@assemblee-nationale.fr
Fabrice Le Vigoureux,REN,Finances de l’économie générale et du contrôle budgétaire,Membre,fabrice.levigoureux@assemblee-nationale.fr
Mohamed Laqhila,MODEM,Finances de l’économie générale et du contrôle budgétaire,Membre,mohamed.laqhila@assemblee-nationale.fr
Loïc Kervran,HOR,Défense nationale et forces armées,Membre,loic.kervran@assemblee-nationale.fr
Géraldine Bannier,MODEM,Affaires culturelles et de l'éducation,Membre,geraldine.bannier@assemblee-nationale.fr
Caroline Abadie,REN,Lois,Secrétaire,caroline.abadie@assemblee-nationale.fr
Pierre Vatin,LR,Développement durable et aménagement du territoire,Membre,pierre.vatin@assemblee-nationale.fr
Claire Pitollat,REN,Affaires sociales,Membre,claire.pitollat@assemblee-nationale.fr
Cécile Rilhac,REN,Affaires culturelles et de l'éducation,Membre,cecile.rilhac@assemblee-nationale.fr
Vincent Descoeur,LR,Développement durable et aménagement du territoire,Membre,vincent.descoeur@assemblee-nationale.fr
Philippe Latombe,MODEM,Lois,Membre,philippe.latombe@assemblee-nationale.fr
Thibault Bazin,LR,Défense nationale et forces armées,Membre,thibault.bazin@assemblee-nationale.fr
Denis Masséglia,REN,Affaires étrangères,Membre,denis.masseglia@assemblee-nationale.fr
Richard Ramos,MODEM,Affaires économiques,Membre,richard.ramos@assemblee-nationale.fr
Raphaël Schellenberger,LR,Lois,Membre,raphael.schellenberger@assemblee-nationale.fr
Sacha Houlié,REN,Lois,Membre,sacha.houlie@assemblee-nationale.fr
Carole Grandjean,REN,Affaires sociales,Membre,carole.grandjean@assemblee-nationale.fr
Boris Vallaud,SOC,Affaires sociales,Membre,boris.vallaud@assemblee-nationale.fr
Didier Paris,REN,Lois,Membre,didier.paris@assemblee-nationale.fr
Sandrine Le Feur,REN,Développement durable et aménagement du territoire,Membre,sandrine.lefeur@assemblee-nationale.fr
Alain David,SOC,Affaires étrangères,Secrétaire,alain.david@assemblee-nationale.fr
Marie-Pierre Rixain,REN,Affaires culturelles et de l'éducation,Membre,marie-pierre.rixain@assemblee-nationale.fr
Constance Le Grip,REN,Affaires culturelles et de l'éducation,Vice-présidente,constance.legrip@assemblee-nationale.fr
Emmanuelle Ménard,NI,Lois,Membre,emmanuelle.menard@assemblee-nationale.fr
Frédérique Meunier,LR,Affaires culturelles et de l'éducation,Membre,frederique.meunier@assemblee-nationale.fr
Sébastien Jumel,GDR,Affaires économiques,Membre,sebastien.jumel@assemblee-nationale.fr
Jean-Noël Barrot,MODEM,Finances de l’économie générale et du contrôle budgétaire,Vice-président,jean-noel.barrot@assemblee-nationale.fr
Olivier Serva,LIOT,Finances de l’économie générale et du contrôle budgétaire,Membre,olivier.serva@assemblee-nationale.fr
Ian Boucard,LR,Affaires culturelles et de l'éducation,Membre,ian.boucard@assemblee-nationale.fr
Amélia Lakrafi,REN,Affaires étrangères,Membre,amelia.lakrafi@assemblee-nationale.fr
Jean-Paul Mattei,MODEM,Finances de l’économie générale et du contrôle budgétaire,Membre,jean-paul.mattei@assemblee-nationale.fr
Christophe Naegelen,LIOT,Affaires étrangères,Membre,christophe.naegelen@assemblee-nationale.fr
Maud Petit,MODEM,Affaires culturelles et de l'éducation,Membre,maud.petit@assemblee-nationale.fr
Pierre-Henri Dumont,LR,Affaires étrangères,Membre,pierre-henri.dumont@assemblee-nationale.fr
Jean-Jacques Gaultier,LR,Affaires culturelles et de l'éducation,Membre,jean-jacques.gaultier@assemblee-nationale.fr
Bruno Millienne,MODEM,Développement durable et aménagement du territoire,Membre,bruno.millienne@assemblee-nationale.fr
Hervé Saulignac,SOC,Lois,Membre,herve.saulignac@assemblee-nationale.fr
Nicolas Forissier,LR,Finances de l’économie générale et du contrôle budgétaire,Membre,nicolas.forissier@assemblee-nationale.fr
Graziella Melchior,REN,Affaires économiques,Secrétaire,graziella.melchior@assemblee-nationale.fr
Geneviève Darrieussecq,MODEM,Défense nationale et forces armées,Membre,genevieve.darrieussecq@assemblee-nationale.fr
Fadila Khattabi,REN,Affaires sociales,Vice-présidente,fadila.khattabi@assemblee-nationale.fr
Sarah El Haïry,MODEM,Lois,Membre,sarah.elhairy@assemblee-nationale.fr
Isabelle Valentin,LR,Affaires sociales,Membre,isabelle.valentin@assemblee-nationale.fr
Michel Lauzzana,REN,Finances de l’économie générale et du contrôle budgétaire,Membre,michel.lauzzana@assemblee-nationale.fr
Stanislas Guerini,REN,Défense nationale et forces armées,Membre,stanislas.guerini@assemblee-nationale.fr
Jean-Carles Grelier,REN,Affaires sociales,Membre,jean-carles.grelier@assemblee-nationale.fr
Jean-René Cazeneuve,REN,Finances de l’économie générale et du contrôle budgétaire,Membre,jean-rene.cazeneuve@assemblee-nationale.fr
Belkhir Belhaddad,REN,Affaires sociales,Membre,belkhir.belhaddad@assemblee-nationale.fr
Jean-François Portarrieu,HOR,Affaires étrangères,Membre,jean-francois.portarrieu@assemblee-nationale.fr
Robin Reda,REN,Finances de l’économie générale et du contrôle budgétaire,Membre,robin.reda@assemblee-nationale.fr
Marie Lebec,REN,Affaires économiques,Membre,marie.lebec@assemblee-nationale.fr
Caroline Fiat,LFI,Affaires sociales,Membre,caroline.fiat@assemblee-nationale.fr
Jean-Louis Bourlanges,MODEM,Affaires étrangères,Membre,jean-louis.bourlanges@assemblee-nationale.fr
Annie Vidal,REN,Affaires sociales,Membre,annie.vidal@assemblee-nationale.fr
Brigitte Liso,REN,Affaires étrangères,Membre,brigitte.liso@assemblee-nationale.fr
Sébastien Chenu,RN,Affaires sociales,Membre,sebastien.chenu@assemblee-nationale.fr
Bertrand Bouyx,REN,Affaires culturelles et de l'éducation,Membre,bertrand.bouyx@assemblee-nationale.fr
Jean Terlier,REN,Lois,Membre,jean.terlier@assemblee-nationale.fr
Danielle Brulebois,REN,Développement durable et aménagement du territoire,Membre,danielle.brulebois@assemblee-nationale.fr
Ludovic Mendes,REN,Lois,Membre,ludovic.mendes@assemblee-nationale.fr
Nicolas Turquois,MODEM,Affaires économiques,Membre,nicolas.turquois@assemblee-nationale.fr
Aurélien Taché,ECO,Affaires sociales,Membre,aurelien.tache@assemblee-nationale.fr
Blandine Brocard,MODEM,Affaires sociales,Membre,blandine.brocard@assemblee-nationale.fr
François Jolivet,HOR,Finances de l’économie générale et du contrôle budgétaire,Membre,francois.jolivet@assemblee-nationale.fr
Guy Bricout,LIOT,Développement durable et aménagement du territoire,Membre,guy.bricout@assemblee-nationale.fr
Pierre Cordier,LR,Affaires étrangères,Membre,pierre.cordier@assemblee-nationale.fr
Élodie Jacquier-Laforge,MODEM,Lois,Membre,elodie.jacquier-laforge@assemblee-nationale.fr
Bastien Lachaud,LFI,Défense nationale et forces armées,Membre,bastien.lachaud@assemblee-nationale.fr
Frédéric Petit,MODEM,Affaires étrangères,Membre,frederic.petit@assemblee-nationale.fr
Thomas Gassilloud,REN,Défense nationale et forces armées,Membre,thomas.gassilloud@assemblee-nationale.fr
Hubert Wulfranc,GDR,Développement durable et aménagement du territoire,Membre,hubert.wulfranc@assemblee-nationale.fr
Didier Le Gac,REN,Défense nationale et forces armées,Membre,didier.legac@assemblee-nationale.fr
Nathalie Bassire,LIOT,Développement durable et aménagement du territoire,Membre,nathalie.bassire@assemblee-nationale.fr
Valérie Bazin-Malgras,LR,Affaires culturelles et de l'éducation,Membre,valerie.bazin-malgras@assemblee-nationale.fr
Sandrine Josso,MODEM,Affaires culturelles et de l'éducation,Membre,sandrine.josso@assemblee-nationale.fr
Marie Guévenoux,REN,Lois,Membre,marie.guevenoux@assemblee-nationale.fr
Guillaume Gouffier-Cha,REN,Lois,Membre,guillaume.gouffier-cha@assemblee-nationale.fr
Michel Castellani,LIOT,Finances de l’économie générale et du contrôle budgétaire,Membre,michel.castellani@assemblee-nationale.fr
Damien Adam,REN,Affaires économiques,Membre,damien.adam@assemblee-nationale.fr
Christophe Blanchet,MODEM,Défense nationale et forces armées,Membre,christophe.blanchet@assemblee-nationale.fr
Philippe Dunoyer,REN,Lois,Membre,philippe.dunoyer@assemblee-nationale.fr
Sylvain Maillard,REN,Affaires sociales,Membre,sylvain.maillard@assemblee-nationale.fr
Caroline Janvier,REN,Affaires sociales,Membre,caroline.janvier@assemblee-nationale.fr
Sophie Panonacle,REN,Développement durable et aménagement du territoire,Membre,sophie.panonacle@assemblee-nationale.fr
Éric Girardin,REN,Affaires étrangères,membre,eric.girardin@assemblee-nationale.fr
Marine Le Pen,RN,Finances de l’économie générale et du contrôle budgétaire,Membre,marine.lepen@assemblee-nationale.fr
Nicole Dubré-Chirat,REN,Lois,Membre,nicole.dubre-chirat@assemblee-nationale.fr
François Ruffin,LFI,Affaires économiques,Secrétaire,francois.ruffin@assemblee-nationale.fr
Corinne Vignon,REN,Affaires sociales,Membre,corinne.vignon@assemblee-nationale.fr
Lise Magnier,HOR,Finances de l’économie générale et du contrôle budgétaire,Membre,lise.magnier@assemblee-nationale.fr
Ugo Bernalicis,LFI,Lois,Membre,ugo.bernalicis@assemblee-nationale.fr
François Cormier-Bouligeon,REN,Affaires culturelles et de l'éducation,Membre,francois.cormier-bouligeon@assemblee-nationale.fr
Michèle Peyron,REN,Affaires sociales,Secrétaire,michele.peyron@assemblee-nationale.fr
Véronique Riotton,REN,Développement durable et aménagement du territoire,Membre,veronique.riotton@assemblee-nationale.fr
Philippe Berta,MODEM,Affaires culturelles et de l'éducation,Membre,philippe.berta@assemblee-nationale.fr
Patricia Mirallès,REN,Défense nationale et forces armées,Vice-présidente,patricia.miralles@assemblee-nationale.fr
Marc Fesneau,MODEM,Défense nationale et forces armées,Membre,marc.fesneau@assemblee-nationale.fr
Roland Lescure,REN,Affaires économiques,Président,roland.lescure@assemblee-nationale.fr
Charlotte Parmentier-Lecocq,REN,Affaires sociales,Secrétaire,charlotte.lecocq@assemblee-nationale.fr
Agnès Firmin Le Bodo,HOR,Affaires sociales,Membre,agnes.firminlebodo@assemblee-nationale.fr
Fabienne Colboc,REN,Affaires culturelles et de l'éducation,Membre,fabienne.colboc@assemblee-nationale.fr
Didier Martin,REN,Affaires économiques,Membre,didier.martin@assemblee-nationale.fr
Aude Luquet,MODEM,Affaires économiques,Membre,aude.luquet@assemblee-nationale.fr
Jean-Luc Fugit,REN,Développement durable et aménagement du territoire,Secrétaire,jean-luc.fugit@assemblee-nationale.fr
Hervé Berville,REN,Affaires étrangères,Membre,herve.berville@assemblee-nationale.fr
Yaël Braun-Pivet,REN,Lois,Présidente,yael.braun-pivet@assemblee-nationale.fr
Jimmy Pahun,MODEM,Développement durable et aménagement du territoire,Membre,jimmy.pahun@assemblee-nationale.fr
Olivier Becht,REN,Défense nationale et forces armées,Membre,olivier.becht@assemblee-nationale.fr
Sabine Thillaye,MODEM,Défense nationale et forces armées,Membre,sabine.thillaye@assemblee-nationale.fr
Vincent Thiébaut,HOR,Développement durable et aménagement du territoire,Membre,vincent.thiebaut@assemblee-nationale.fr
Jean-Pierre Pont,REN,Lois,Membre,jean-pierre.pont@assemblee-nationale.fr
Gabriel Attal,REN,Affaires culturelles et de l'éducation,Membre,gabriel.attal@assemblee-nationale.fr
Jean-Yves Bony,LR,Développement durable et aménagement du territoire,Membre,jean-yves.bony@assemblee-nationale.fr
Raphaël Gérard,REN,Affaires culturelles et de l'éducation,Membre,raphael.gerard@assemblee-nationale.fr
Bruno Bilde,RN,Affaires culturelles et de l'éducation,Membre,bruno.bilde@assemblee-nationale.fr
Éric Coquerel,LFI,Finances de l’économie générale et du contrôle budgétaire,Membre,eric.coquerel@assemblee-nationale.fr
Jean-Michel Jacques,REN,Défense nationale et forces armées,Vice-président,jean-michel.jacques@assemblee-nationale.fr
Thomas Rudigoz,REN,Lois,Membre,thomas.rudigoz@assemblee-nationale.fr
Jean-Charles Larsonneur,HOR,Défense nationale et forces armées,Membre,jean-charles.larsonneur@assemblee-nationale.fr
Erwan Balanant,MODEM,Lois,Membre,erwan.balanant@assemblee-nationale.fr
Emmanuel Maquet,LR,Développement durable et aménagement du territoire,Membre,emmanuel.maquet@assemblee-nationale.fr
Stéphane Peu,GDR,Lois,Membre,stephane.peu@assemblee-nationale.fr
Fabien Di Filippo,LR,Affaires économiques,Membre,fabien.difilippo@assemblee-nationale.fr
Paul-André Colombani,LIOT,Développement durable et aménagement du territoire,Membre,paul-andre.colombani@assemblee-nationale.fr
Fabien Roussel,GDR,Finances de l’économie générale et du contrôle budgétaire,Membre,fabien.roussel@assemblee-nationale.fr
Gilles Le Gendre,REN,Défense nationale et forces armées,Membre,gilles.le.gendre@assemblee-nationale.fr
Christine Le Nabour,REN,Affaires sociales,Membre,christine.lenabour@assemblee-nationale.fr
Mathilde Panot,LFI,Développement durable et aménagement du territoire,Membre,mathilde.panot@assemblee-nationale.fr
Alexandre Holroyd,REN,Finances de l’économie générale et du contrôle budgétaire,Membre,alexandre.holroyd@assemblee-nationale.fr
Marjolaine Meynier-Millefert,REN,Développement durable et aménagement du territoire,Membre,marjolaine.meynier-millefert@assemblee-nationale.fr
Yannick Haury,REN,Développement durable et aménagement du territoire,Membre,yannick.haury@assemblee-nationale.fr
Josy Poueyto,MODEM,Défense nationale et forces armées,Membre,josy.poueyto@assemblee-nationale.fr
Philippe Bolo,MODEM,Développement durable et aménagement du territoire,Membre,philippe.bolo@assemblee-nationale.fr
Patrice Perrot,REN,Développement durable et aménagement du territoire,Membre,patrice.perrot@assemblee-nationale.fr
Pierre Dharréville,GDR,Affaires sociales,Membre,pierre.dharreville@assemblee-nationale.fr
Stéphanie Rist,REN,Affaires sociales,Membre,stephanie.rist@assemblee-nationale.fr
Daniel Labaronne,REN,Finances de l’économie générale et du contrôle budgétaire,Vice-président,daniel.labaronne@assemblee-nationale.fr
Lionel Causse,REN,Développement durable et aménagement du territoire,Membre,lionel.causse@assemblee-nationale.fr
Aurélien Pradié,LR,Lois,Membre,aurelien.pradie@assemblee-nationale.fr
Isabelle Rauch,HOR,Affaires étrangères,Vice-présidente,isabelle.rauch@assemblee-nationale.fr
Paul Christophe,HOR,Affaires sociales,Membre,paul.christophe@assemblee-nationale.fr
Olivia Grégoire,REN,Finances de l’économie générale et du contrôle budgétaire,Vice-présidente,olivia.gregoire@assemblee-nationale.fr
Naïma Moutchou,HOR,Lois,Membre,naima.moutchou@assemblee-nationale.fr
Bérangère Couillard,REN,Développement durable et aménagement du territoire,Membre,berangere.couillard@assemblee-nationale.fr
Éric Poulliat,REN,Affaires culturelles et de l'éducation,Membre,eric.poulliat@assemblee-nationale.fr
Alexis Corbière,LFI,Défense nationale et forces armées,Membre,alexis.corbiere@assemblee-nationale.fr
Elsa Faucillon,GDR,Affaires culturelles et de l'éducation,Membre,elsa.faucillon@assemblee-nationale.fr
Clémentine Autain,LFI,Affaires étrangères,Membre,clementine.autain@assemblee-nationale.fr
Vincent Rolland,LR,Affaires économiques,Membre,vincent.rolland@assemblee-nationale.fr
Sandra Marsaud,REN,Développement durable et aménagement du territoire,Membre,sandra.marsaud@assemblee-nationale.fr
Thomas Mesnier,HOR,Affaires sociales,Membre,thomas.mesnier@assemblee-nationale.fr
Jean-Pierre Cubertafon,MODEM,Défense nationale et forces armées,Secrétaire,jean-pierre.cubertafon@assemblee-nationale.fr
Maxime Minot,LR,Affaires culturelles et de l'éducation,Secrétaire,maxime.minot@assemblee-nationale.fr
Danièle Obono,LFI,Lois,Membre,daniele.obono@assemblee-nationale.fr
André Villiers,HOR,Affaires économiques,Membre,andre.villiers@assemblee-nationale.fr
Pascale Boyer,REN,Affaires économiques,Membre,pascale.boyer@assemblee-nationale.fr
Jean-Hugues Ratenon,LFI,Affaires sociales,Membre,jean-hugues.ratenon@assemblee-nationale.fr
Stéphane Buchou,REN,Développement durable et aménagement du territoire,Membre,stephane.buchou@assemblee-nationale.fr
Pieyre-Alexandre Anglade,REN,Lois,Membre,pieyre-alexandre.anglade@assemblee-nationale.fr
Florence Lasserre,MODEM,Développement durable et aménagement du territoire,Secrétaire,florence.lasserre@assemblee-nationale.fr
Jérôme Nury,LR,Affaires économiques,Membre,jerome.nury@assemblee-nationale.fr
Xavier Roseren,REN,Finances de l’économie générale et du contrôle budgétaire,Membre,xavier.roseren@assemblee-nationale.fr
Natalia Pouzyreff,REN,Défense nationale et forces armées,Membre,natalia.pouzyreff@assemblee-nationale.fr
Max Mathiasin,LIOT,Affaires économiques,Membre,max.mathiasin@assemblee-nationale.fr
Anne-Laurence Petel,REN,Affaires économiques,Secrétaire,anne-laurence.petel@assemblee-nationale.fr
Mansour Kamardine,LR,Lois,Membre,mansour.kamardine@assemblee-nationale.fr
Vincent Bru,MODEM,Lois,Membre,vincent.bru@assemblee-nationale.fr
Anne Genetet,REN,Affaires étrangères,Membre,anne.genetet@assemblee-nationale.fr
Pierre Henriet,REN,Affaires culturelles et de l'éducation,Membre,pierre.henriet@assemblee-nationale.fr
Adrien Quatennens,LFI,Affaires sociales,membre,adrien.quatennens@assemblee-nationale.fr
Nicole Le Peih,REN,Affaires étrangères,Membre,nicole.lepeih@assemblee-nationale.fr
Bruno Studer,REN,Affaires culturelles et de l'éducation,Président,bruno.studer@assemblee-nationale.fr
Laurence Maillart-Méhaignerie,REN,Développement durable et aménagement du territoire,Vice-Président,laurence.maillart-mehaignerie@assemblee-nationale.fr
Béatrice Piron,REN,Affaires culturelles et de l'éducation,Membre,beatrice.piron@assemblee-nationale.fr
Perrine Goulet,MODEM,Finances de l’économie générale et du contrôle budgétaire,Membre,perrine.goulet@assemblee-nationale.fr
Jean-Félix Acquaviva,LIOT,Lois,Membre,jean-felix.acquaviva@assemblee-nationale.fr
Xavier Batut,REN,Défense nationale et forces armées,Membre,xavier.batut@assemblee-nationale.fr
Bénédicte Taurine,LFI,Affaires économiques,Membre,benedicte.taurine@assemblee-nationale.fr
Anne Brugnera,REN,Affaires culturelles et de l'éducation,Membre,anne.brugnera@assemblee-nationale.fr
Olga Givernet,REN,Affaires étrangères,Membre,olga.givernet@assemblee-nationale.fr
Fabrice Brun,LR,Finances de l’économie générale et du contrôle budgétaire,Membre,fabrice.brun@assemblee-nationale.fr
Josiane Corneloup,LR,Affaires sociales,Membre,josiane.corneloup@assemblee-nationale.fr
Benjamin Dirx,REN,Finances de l’économie générale et du contrôle budgétaire,Secrétaire,benjamin.dirx@assemblee-nationale.fr
Stella Dupont,REN,Finances de l’économie générale et du contrôle budgétaire,Membre,stella.dupont@assemblee-nationale.fr
Huguette Tiegna,REN,Affaires économiques,Membre,huguette.tiegna@assemblee-nationale.fr
Hubert Julien-Laferrière,ECO,Affaires étrangères,Membre,hubert.julien-laferriere@assemblee-nationale.fr
Bruno Fuchs,MODEM,Affaires culturelles et de l'éducation,Membre,bruno.fuchs@assemblee-nationale.fr
Sophie Mette,MODEM,Affaires culturelles et de l'éducation,Membre,sophie.mette@assemblee-nationale.fr
Loïc Prud'homme,LFI,Développement durable et aménagement du territoire,Membre,loic.prudhomme@assemblee-nationale.fr
Céline Calvez,REN,Affaires culturelles et de l'éducation,Membre,celine.calvez@assemblee-nationale.fr
Émilie Bonnivard,LR,Finances de l’économie générale et du contrôle budgétaire,Membre,emilie.bonnivard@assemblee-nationale.fr
Liliana Tanguy,REN,Affaires étrangères,Membre,liliana.tanguy@assemblee-nationale.fr
Stéphane Viry,LR,Affaires sociales,Membre,stephane.viry@assemblee-nationale.fr
Dominique Da Silva,REN,Affaires sociales,Membre,dominique.dasilva@assemblee-nationale.fr
Jean-Marie Fiévet,REN,Défense nationale et forces armées,Secrétaire,jean-marie.fievet@assemblee-nationale.fr
Frédéric Descrozaille,REN,Affaires économiques,Membre,frederic.descrozaille@assemblee-nationale.fr
Laetitia Saint-Paul,REN,Affaires étrangères,Membre,laetitia.saint-paul@assemblee-nationale.fr
Béatrice Descamps,LIOT,Affaires culturelles et de l'éducation,Membre,beatrice.descamps@assemblee-nationale.fr
Moetai Brotherson,GDR,Affaires étrangères,Membre,moetai.brotherson@assemblee-nationale.fr
Jean-Philippe Ardouin,REN,Défense nationale et forces armées,Membre,jean-philippe.ardouin@assemblee-nationale.fr
Stéphane Mazars,REN,Lois,Vice-président,stephane.mazars@assemblee-nationale.fr
Mireille Clapot,REN,Affaires étrangères,Membre,mireille.clapot@assemblee-nationale.fr
Rémy Rebeyrotte,REN,Lois,Membre,remy.rebeyrotte@assemblee-nationale.fr
Éric Pauget,LR,Affaires économiques,Membre,eric.pauget@assemblee-nationale.fr
Marie-France Lorho,RN,Lois,Membre,marie-france.lorho@assemblee-nationale.fr
Jean-Louis Thiériot,LR,Défense nationale et forces armées,Membre,jean-louis.thieriot@assemblee-nationale.fr
Mounir Belhamiti,REN,Défense nationale et forces armées,Membre,mounir.belhamiti@assemblee-nationale.fr
Pascal Lavergne,REN,Développement durable et aménagement du territoire,Membre,pascal.lavergne@assemblee-nationale.fr
Nicolas Meizonnet,RN,,,nicolas.meizonnet@assemblee-nationale.fr
Claudia Rouaux,SOC,,,claudia.rouaux@assemblee-nationale.fr
Nathalie Serre,LR,,,nathalie.serre@assemblee-nationale.fr
Brigitte Klinkert,REN,,,brigitte.klinkert@assemblee-nationale.fr
Jean-Luc Bourgeaux,LR,,,jean-luc.bourgeaux@assemblee-nationale.fr
Chantal Jourdan,SOC,,,chantal.jourdan@assemblee-nationale.fr
Gérard Leseul,SOC,,,gerard.leseul@assemblee-nationale.fr
Anne-Laure Blin,LR,,,anne-laure.blin@assemblee-nationale.fr
Isabelle Santiago,SOC,,,isabelle.santiago@assemblee-nationale.fr
Karine Lebon,GDR,,,karine.lebon@assemblee-nationale.fr
Maud Gatel,MODEM,,,maud.gatel@assemblee-nationale.fr
Luc Lamirault,HOR,,,luc.lamirault@assemblee-nationale.fr
Victor Habert-Dassault,LR,,,victor.habert-dassault@assemblee-nationale.fr
Christelle Petex-Levet,LR,,,christelle.petex-levet@assemblee-nationale.fr
Stéphane Vojetta,REN,,,stephane.vojetta@assemblee-nationale.fr
Emmanuel Blairy,RN,,,emmanuel.blairy@assemblee-nationale.fr
Jean-Victor Castor,GDR,,,jean-victor.castor@assemblee-nationale.fr
Benoit Mournet,REN,,,benoit.mournet@assemblee-nationale.fr
Sylvain Carrière,LFI,,,sylvain.carriere@assemblee-nationale.fr
Johnny Hajjar,SOC,,,johnny.hajjar@assemblee-nationale.fr
Marie Pochon,ECO,,,marie.pochon@assemblee-nationale.fr
Danielle Simonnet,LFI,,,danielle.simonnet@assemblee-nationale.fr
Frank Giletti,RN,,,frank.giletti@assemblee-nationale.fr
Benjamin Lucas,ECO,,,benjamin.lucas@assemblee-nationale.fr
Sarah Legrain,LFI,,,sarah.legrain@assemblee-nationale.fr
Laurent Alexandre,LFI,,,laurent.alexandre@assemblee-nationale.fr
Delphine Lingemann,MODEM,,,delphine.lingemann@assemblee-nationale.fr
Thomas Cazenave,REN,,,thomas.cazenave@assemblee-nationale.fr
Pierre Meurin,RN,,,pierre.meurin@assemblee-nationale.fr
José Gonzalez,RN,,,jose.gonzalez@assemblee-nationale.fr
Laurent Jacobelli,RN,,,laurent.jacobelli@assemblee-nationale.fr
Hervé de Lépinau,RN,,,herve.delepinau@assemblee-nationale.fr
Victor Catteau,RN,,,victor.catteau@assemblee-nationale.fr
Julien Bayou,ECO,,,julien.bayou@assemblee-nationale.fr
Charles Fournier,ECO,,,charles.fournier@assemblee-nationale.fr
Philippe Lottiaux,RN,,,philippe.lottiaux@assemblee-nationale.fr
Jérémie Iordanoff,ECO,,,jeremie.iordanoff@assemblee-nationale.fr
Frédéric Boccaletti,RN,,,frederic.boccaletti@assemblee-nationale.fr
Franck Allisio,RN,,,franck.allisio@assemblee-nationale.fr
Pierrick Berteloot,RN,,,pierrick.berteloot@assemblee-nationale.fr
Caroline Colombier,RN,,,caroline.colombier@assemblee-nationale.fr
Xavier Albertini,HOR,,,xavier.albertini@assemblee-nationale.fr
David Amiel,REN,,,david.amiel@assemblee-nationale.fr
François Gernigon,HOR,,,francois.gernigon@assemblee-nationale.fr
Idir Boumertit,LFI,,,idir.boumertit@assemblee-nationale.fr
Francis Dubois,LR,,,francis.dubois@assemblee-nationale.fr
Maxime Laisney,LFI,,,maxime.laisney@assemblee-nationale.fr
Rodrigo Arenas,LFI,,,rodrigo.arenas@assemblee-nationale.fr
Sabrina Sebaihi,ECO,,,sabrina.sebaihi@assemblee-nationale.fr
Émilie Chandler,REN,,,emilie.chandler@assemblee-nationale.fr
David Guiraud,LFI,,,david.guiraud@assemblee-nationale.fr
Pascale Bordes,RN,,,pascale.bordes@assemblee-nationale.fr
Anna Pic,SOC,,,anna.pic@assemblee-nationale.fr
Aymeric Caron,LFI,,,aymeric.caron@assemblee-nationale.fr
Emmanuel Pellerin,REN,,,emmanuel.pellerin@assemblee-nationale.fr
Benjamin Haddad,REN,,,benjamin.haddad@assemblee-nationale.fr
Anne-Cécile Violland,HOR,,,anne-cecile.violland@assemblee-nationale.fr
Isabelle Périgault,LR,,,isabelle.perigault@assemblee-nationale.fr
Martine Etienne,LFI,,,martine.etienne@assemblee-nationale.fr
Steve Chailloux,GDR,,,steve.chailloux@assemblee-nationale.fr
Emeline K/Bidi,GDR,,,emeline.kbidi@assemblee-nationale.fr
Michaël Taverne,RN,,,michael.taverne@assemblee-nationale.fr
David Valence,REN,,,david.valence@assemblee-nationale.fr
Julie Lechanteux,RN,,,julie.lechanteux@assemblee-nationale.fr
Dominique Faure,REN,,,dominique.faure@assemblee-nationale.fr
Manon Meunier,LFI,,,manon.meunier@assemblee-nationale.fr
Pierre Cazeneuve,REN,,,pierre.cazeneuve@assemblee-nationale.fr
Bénédicte Auzanot,RN,,,benedicte.auzanot@assemblee-nationale.fr
Jérémie Patrier-Leitus,HOR,,,jeremie.patrier-leitus@assemblee-nationale.fr
Christophe Bentz,RN,,,christophe.bentz@assemblee-nationale.fr
Alexandre Portier,LR,,,alexandre.portier@assemblee-nationale.fr
Yannick Chenevard,REN,,,yannick.chenevard@assemblee-nationale.fr
Annick Cousin,RN,,,annick.cousin@assemblee-nationale.fr
Frédéric Mathieu,LFI,,,frederic.mathieu@assemblee-nationale.fr
Sylvie Ferrer,LFI,,,sylvie.ferrer@assemblee-nationale.fr
Philippe Ballard,RN,,,philippe.ballard@assemblee-nationale.fr
Timothée Houssin,RN,,,timothee.houssin@assemblee-nationale.fr
Justine Gruet,LR,,,justine.gruet@assemblee-nationale.fr
Marie-Agnès Poussier-Winsback,HOR,,,marieagnes.poussier-winsback@assemblee-nationale.fr
Manuel Bompard,LFI,,,manuel.bompard@assemblee-nationale.fr
Fatiha Keloua Hachi,SOC,,,fatiha.kelouahachi@assemblee-nationale.fr
Joris Hébrard,RN,,,joris.hebrard@assemblee-nationale.fr
Thierry Frappé,RN,,,thierry.frappe@assemblee-nationale.fr
José Beaurain,RN,,,jose.beaurain@assemblee-nationale.fr
Christine Decodts,REN,,,christine.decodts@assemblee-nationale.fr
Gabriel Amard,LFI,,,gabriel.amard@assemblee-nationale.fr
Philippe Pradal,HOR,,,philippe.pradal@assemblee-nationale.fr
Julie Laernoes,ECO,,,julie.laernoes@assemblee-nationale.fr
Antoine Léaument,LFI,,,antoine.leaument@assemblee-nationale.fr
Ségolène Amiot,LFI,,,segolene.amiot@assemblee-nationale.fr
Grégoire de Fournas,RN,,,gregoire.defournas@assemblee-nationale.fr
Mélanie Thomin,SOC,,,melanie.thomin@assemblee-nationale.fr
Stéphane Delautrette,SOC,,,stephane.delautrette@assemblee-nationale.fr
Frédéric Maillot,GDR,,,frederic.maillot@assemblee-nationale.fr
Frédéric Cabrolier,RN,,,frederic.cabrolier@assemblee-nationale.fr
Frantz Gumbs,MODEM,,,frantz.gumbs@assemblee-nationale.fr
Jiovanny William,GDR,,,jiovanny.william@assemblee-nationale.fr
Maud Bregeon,REN,,,maud.bregeon@assemblee-nationale.fr
Emeric Salmon,RN,,,emeric.salmon@assemblee-nationale.fr
Gisèle Lelouis,RN,,,gisele.lelouis@assemblee-nationale.fr
Romain Daubié,MODEM,,,romain.daubie@assemblee-nationale.fr
Hélène Laporte,RN,,,helene.laporte@assemblee-nationale.fr
Françoise Buffet,REN,,,francoise.buffet@assemblee-nationale.fr
Cyrielle Chatelain,ECO,,,cyrielle.chatelain@assemblee-nationale.fr
Thomas Portes,LFI,,,thomas.portes@assemblee-nationale.fr
Edwige Diaz,RN,,,edwige.diaz@assemblee-nationale.fr
Quentin Bataillon,REN,,,quentin.bataillon@assemblee-nationale.fr
Yannick Monnet,GDR,,,yannick.monnet@assemblee-nationale.fr
Christophe Marion,REN,,,christophe.marion@assemblee-nationale.fr
Matthieu Marchio,RN,,,matthieu.marchio@assemblee-nationale.fr
Jordan Guitton,RN,,,jordan.guitton@assemblee-nationale.fr
Estelle Youssouffa,LIOT,,,estelle.youssouffa@assemblee-nationale.fr
Pascal Lecamp,MODEM,,,pascal.lecamp@assemblee-nationale.fr
Angélique Ranc,RN,,,angelique.ranc@assemblee-nationale.fr
Stéphane Lenormand,LIOT,,,stephane.lenormand@assemblee-nationale.fr
Thibaut François,RN,,,thibaut.francois@assemblee-nationale.fr
Davy Rimane,GDR,,,davy.rimane@assemblee-nationale.fr
Louis Boyard,LFI,,,louis.boyard@assemblee-nationale.fr
Sophie Blanc,RN,,,sophie.blanc@assemblee-nationale.fr
Élise Leboucher,LFI,,,elise.leboucher@assemblee-nationale.fr
Philippe Brun,SOC,,,philippe.brun@assemblee-nationale.fr
Pascale Martin,LFI,,,pascale.martin@assemblee-nationale.fr
Philippe Schreck,RN,,,philippe.schreck@assemblee-nationale.fr
Christian Girard,RN,,,christian.girard@assemblee-nationale.fr
Aurélien Lopez-Liguori,RN,,,aurelien.lopezliguori@assemblee-nationale.fr
Marina Ferrari,MODEM,,,marina.ferrari@assemblee-nationale.fr
Jean-François Coulomme,LFI,,,jean-francois.coulomme@assemblee-nationale.fr
Jocelyn Dessigny,RN,,,jocelyn.dessigny@assemblee-nationale.fr
Tematai Le Gayic,GDR,,,tematai.legayic@assemblee-nationale.fr
Christophe Barthès,RN,,,christophe.barthes@assemblee-nationale.fr
Marianne Maximi,LFI,,,marianne.maximi@assemblee-nationale.fr
Anaïs Sabatini,RN,,,anais.sabatini@assemblee-nationale.fr
Laurence Robert-Dehault,RN,,,laurence.robert-dehault@assemblee-nationale.fr
Sophie Taillé-Polian,ECO,,,sophie.taille-polian@assemblee-nationale.fr
Anne-Sophie Frigout,RN,,,anne-sophie.frigout@assemblee-nationale.fr
Lionel Vuibert,REN,,,lionel.vuibert@assemblee-nationale.fr
Hadrien Ghomi,REN,,,hadrien.ghomi@assemblee-nationale.fr
Karim Ben Cheikh,ECO,,,karim.bencheikh@assemblee-nationale.fr
Élisa Martin,LFI,,,elisa.martin@assemblee-nationale.fr
Paul Vannier,LFI,,,paul.vannier@assemblee-nationale.fr
Prisca Thevenot,REN,,,prisca.thevenot@assemblee-nationale.fr
Jean-Claude Raux,ECO,,,jean-claude.raux@assemblee-nationale.fr
Bertrand Petit,SOC,,,bertrand.petit@assemblee-nationale.fr
Mathieu Lefèvre,REN,,,mathieu.lefevre@assemblee-nationale.fr
Mikaele Seo,REN,,,mikaele.seo@assemblee-nationale.fr
Karen Erodi,LFI,,,karen.erodi@assemblee-nationale.fr
Antoine Villedieu,RN,,,antoine.villedieu@assemblee-nationale.fr
Jean-François Lovisolo,REN,,,jean-francois.lovisolo@assemblee-nationale.fr
Julie Delpech,REN,,,julie.delpech@assemblee-nationale.fr
Lysiane Métayer,REN,,,lysiane.metayer@assemblee-nationale.fr
Romain Baubry,RN,,,romain.baubry@assemblee-nationale.fr
Nadège Abomangoli,LFI,,,nadege.abomangoli@assemblee-nationale.fr
Catherine Couturier,LFI,,,catherine.couturier@assemblee-nationale.fr
Jean-François Rousset,REN,,,jean-francois.rousset@assemblee-nationale.fr
Alexandra Martin,LR,,,alexandra.martin@assemblee-nationale.fr
Christine Loir,RN,,,christine.loir@assemblee-nationale.fr
Marcellin Nadeau,GDR,,,marcellin.nadeau@assemblee-nationale.fr
Alexis Izard,REN,,,alexis.izard@assemblee-nationale.fr
Lisette Pollet,RN,,,lisette.pollet@assemblee-nationale.fr
Nicolas Pacquot,REN,,,nicolas.pacquot@assemblee-nationale.fr
Andy Kerbrat,LFI,,,andy.kerbrat@assemblee-nationale.fr
Antoine Armand,REN,,,antoine.armand@assemblee-nationale.fr
Ersilia Soudais,LFI,,,ersilia.soudais@assemblee-nationale.fr
Arnaud Le Gall,LFI,,,arnaud.legall@assemblee-nationale.fr
Michel Sala,LFI,,,michel.sala@assemblee-nationale.fr
Kévin Pfeffer,RN,,,kevin.pfeffer@assemblee-nationale.fr
Daniel Grenon,RN,,,daniel.grenon@assemblee-nationale.fr
Alexandre Sabatou,RN,,,alexandre.sabatou@assemblee-nationale.fr
Stéphanie Galzy,RN,,,stephanie.galzy@assemblee-nationale.fr
Aurélie Trouvé,LFI,,,aurelie.trouve@assemblee-nationale.fr
Aurélien Saintoul,LFI,,,aurelien.saintoul@assemblee-nationale.fr
Jean-Marc Tellier,GDR,,,jean-marc.tellier@assemblee-nationale.fr
Sébastien Delogu,LFI,,,sebastien.delogu@assemblee-nationale.fr
Mathilde Hignet,LFI,,,mathilde.hignet@assemblee-nationale.fr
Alexandra Masson,RN,,,alexandra.masson@assemblee-nationale.fr
Sarah Tanzilli,REN,,,sarah.tanzilli@assemblee-nationale.fr
Jean-Philippe Tanguy,RN,,,jean-philippe.tanguy@assemblee-nationale.fr
William Martinet,LFI,,,william.martinet@assemblee-nationale.fr
Carlos Martens Bilongo,LFI,,,carlosmartens.bilongo@assemblee-nationale.fr
Géraldine Grangier,RN,,,geraldine.grangier@assemblee-nationale.fr
Marc Ferracci,REN,,,marc.ferracci@assemblee-nationale.fr
Lionel Tivoli,RN,,,lionel.tivoli@assemblee-nationale.fr
Bastien Marchive,REN,,,bastien.marchive@assemblee-nationale.fr
Francesca Pasquini,ECO,,,francesca.pasquini@assemblee-nationale.fr
Béatrice Roullaud,RN,,,beatrice.roullaud@assemblee-nationale.fr
Charles Rodwell,REN,,,charles.rodwell@assemblee-nationale.fr
Christophe Plassard,HOR,,,christophe.plassard@assemblee-nationale.fr
Antoine Vermorel-Marques,LR,,,antoine.vermorel-marques@assemblee-nationale.fr
Clément Beaune,REN,,,clement.beaune@assemblee-nationale.fr
Elie Califer,SOC,,,elie.califer@assemblee-nationale.fr
Emmanuel Fernandes,LFI,,,emmanuel.fernandes@assemblee-nationale.fr
Laure Lavalette,RN,,,laure.lavalette@assemblee-nationale.fr
Perceval Gaillard,LFI,,,perceval.gaillard@assemblee-nationale.fr
Nicolas Dragon,RN,,,nicolas.dragon@assemblee-nationale.fr
Christelle D'Intorni,LR,,,christelle.dintorni@assemblee-nationale.fr
Hubert Brigand,LR,,,hubert.brigand@assemblee-nationale.fr
Anne Le Hénanff,HOR,,,anne.lehenanff@assemblee-nationale.fr
Hubert Ott,MODEM,,,hubert.ott@assemblee-nationale.fr
Violette Spillebout,REN,,,violette.spillebout@assemblee-nationale.fr
Estelle Folest,MODEM,,,estelle.folest@assemblee-nationale.fr
Florian Chauche,LFI,,,florian.chauche@assemblee-nationale.fr
Laurence Cristol,REN,,,laurence.cristol@assemblee-nationale.fr
Anne-Laure Babault,MODEM,,,anne-laure.babault@assemblee-nationale.fr
Mickaël Bouloux,SOC,,,mickael.bouloux@assemblee-nationale.fr
Alexis Jolly,RN,,,alexis.jolly@assemblee-nationale.fr
Paul Midy,REN,,,paul.midy@assemblee-nationale.fr
Hadrien Clouet,LFI,,,hadrien.clouet@assemblee-nationale.fr
Jorys Bovet,RN,,,jorys.bovet@assemblee-nationale.fr
Matthias Tavel,LFI,,,matthias.tavel@assemblee-nationale.fr
Inaki Echaniz,SOC,,,inaki.echaniz@assemblee-nationale.fr
Marie-Charlotte Garin,ECO,,,marie-charlotte.garin@assemblee-nationale.fr
Kévin Mauvieux,RN,,,kevin.mauvieux@assemblee-nationale.fr
Andrée Taurinya,LFI,,,andree.taurinya@assemblee-nationale.fr
Nathalie Da Conceicao Carvalho,RN,,,nathalie.daconceicaocarvalho@assemblee-nationale.fr
Marine Hamelet,RN,,,marine.hamelet@assemblee-nationale.fr
Philippe Juvin,LR,,,philippe.juvin@assemblee-nationale.fr
Sandrine Rousseau,ECO,,,sandrine.rousseau@assemblee-nationale.fr
Anthony Brosse,REN,,,anthony.brosse@assemblee-nationale.fr
Frédéric Valletoux,HOR,,,frederic.valletoux@assemblee-nationale.fr
Jérôme Legavre,LFI,,,jerome.legavre@assemblee-nationale.fr
Éric Martineau,MODEM,,,eric.martineau@assemblee-nationale.fr
Laurent Croizier,MODEM,,,laurent.croizier@assemblee-nationale.fr
Henri Alfandari,HOR,,,henri.alfandari@assemblee-nationale.fr
Stéphanie Kochert,HOR,,,stephanie.kochert@assemblee-nationale.fr
Yannick Neuder,LR,,,yannick.neuder@assemblee-nationale.fr
Alma Dufour,LFI,,,alma.dufour@assemblee-nationale.fr
Vincent Seitlinger,LR,,,vincent.seitlinger@assemblee-nationale.fr
Philippe Fait,REN,,,philippe.fait@assemblee-nationale.fr
Laurent Panifous,NI,,,laurent.panifous@assemblee-nationale.fr
Nicolas Thierry,ECO,,,nicolas.thierry@assemblee-nationale.fr
Sandra Regol,ECO,,,sandra.regol@assemblee-nationale.fr
Florence Goulet,RN,,,florence.goulet@assemblee-nationale.fr
Yaël Menache,RN,,,yael.menache@assemblee-nationale.fr
Michèle Martinez,RN,,,michele.martinez@assemblee-nationale.fr
Rachel Keke,LFI,,,rachel.keke@assemblee-nationale.fr
Sandrine Dogor-Such,RN,,,sandrine.dogor-such@assemblee-nationale.fr
Nathalie Oziol,LFI,,,nathalie.oziol@assemblee-nationale.fr
Thomas Ménagé,RN,,,thomas.menage@assemblee-nationale.fr
Mathilde Paris,RN,,,mathilde.paris@assemblee-nationale.fr
Mickaël Cosson,MODEM,,,mickael.cosson@assemblee-nationale.fr
Hendrik Davi,LFI,,,hendrik.davi@assemblee-nationale.fr
Serge Muller,RN,,,serge.muller@assemblee-nationale.fr
Julien Rancoule,RN,,,julien.rancoule@assemblee-nationale.fr
Sébastien Rome,LFI,,,sebastien.rome@assemblee-nationale.fr
Bryan Masson,RN,,,bryan.masson@assemblee-nationale.fr
Astrid Panosyan-Bouvet,REN,,,astrid.panosyan-bouvet@assemblee-nationale.fr
Caroline Parmentier,RN,,,caroline.parmentier@assemblee-nationale.fr
Jérôme Buisson,RN,,,jerome.buisson@assemblee-nationale.fr
Léo Walter,LFI,,,leo.walter@assemblee-nationale.fr
Christine Arrighi,ECO,,,christine.arrighi@assemblee-nationale.fr
Élisabeth Borne,REN,,,elisabeth.borne@assemblee-nationale.fr
Charles Sitzenstuhl,REN,,,charles.sitzenstuhl@assemblee-nationale.fr
Roger Vicot,SOC,,,roger.vicot@assemblee-nationale.fr
Arthur Delaporte,SOC,,,arthur.delaporte@assemblee-nationale.fr
Roger Chudeau,RN,,,roger.chudeau@assemblee-nationale.fr
Christophe Bex,LFI,,,christophe.bex@assemblee-nationale.fr
Murielle Lepvraud,LFI,,,murielle.lepvraud@assemblee-nationale.fr
Michel Guiniot,RN,,,michel.guiniot@assemblee-nationale.fr
Joëlle Mélin,RN,,,joelle.melin@assemblee-nationale.fr
Katiana Levavasseur,RN,,,katiana.levavasseur@assemblee-nationale.fr
Didier Lemaire,HOR,,,didier.lemaire@assemblee-nationale.fr
Louis Margueritte,REN,,,louis.margueritte@assemblee-nationale.fr
Emmanuel Taché de la Pagerie,RN,,,emmanuel.tachedelapagerie@assemblee-nationale.fr
Emmanuel Lacresse,REN,,,emmanuel.lacresse@assemblee-nationale.fr
Sébastien Peytavie,ECO,,,sebastien.peytavie@assemblee-nationale.fr
Benoît Bordat,REN,,,benoit.bordat@assemblee-nationale.fr
Soumya Bourouaha,GDR,,,soumya.bourouaha@assemblee-nationale.fr
Nicolas Metzdorf,REN,,,nicolas.metzdorf@assemblee-nationale.fr
Jean-Pierre Taite,LR,,,jean-pierre.taite@assemblee-nationale.fr
Sabrina Agresti-Roubache,REN,,,sabrina.agrestiroubache@assemblee-nationale.fr
Christine Engrand,RN,,,christine.engrand@assemblee-nationale.fr
Alexandre Vincendet,LR,,,alexandre.vincendet@assemblee-nationale.fr
Emmanuel Mandon,MODEM,,,emmanuel.mandon@assemblee-nationale.fr
Nicolas Ray,LR,,,nicolas.ray@assemblee-nationale.fr
David Taupiac,NI,,,david.taupiac@assemblee-nationale.fr
Louise Morel,MODEM,,,louise.morel@assemblee-nationale.fr
Lionel Royer-Perreaut,REN,,,lionel.royer-perreaut@assemblee-nationale.fr
Sophia Chikirou,LFI,,,sophia.chikirou@assemblee-nationale.fr
Christian Baptiste,SOC,,,christian.baptiste@assemblee-nationale.fr
Alexandre Loubet,RN,,,alexandre.loubet@assemblee-nationale.fr
Benjamin Saint-Huile,NI,,,benjamin.saint-huile@assemblee-nationale.fr
Yoann Gillet,RN,,,yoann.gillet@assemblee-nationale.fr
Charlotte Leduc,LFI,,,charlotte.leduc@assemblee-nationale.fr
Karl Olive,REN,,,karl.olive@assemblee-nationale.fr
Lisa Belluco,ECO,,,lisa.belluco@assemblee-nationale.fr
Damien Maudet,LFI,,,damien.maudet@assemblee-nationale.fr
Béatrice Bellamy,HOR,,,beatrice.bellamy@assemblee-nationale.fr
Félicie Gérard,HOR,,,felicie.gerard@assemblee-nationale.fr
Anne Stambach-Terrenoir,LFI,,,anne.stambach-terrenoir@assemblee-nationale.fr
Julien Odoul,RN,,,julien.odoul@assemblee-nationale.fr
Farida Amrani,LFI,,,farida.amrani@assemblee-nationale.fr
Raquel Garrido,LFI,,,raquel.garrido@assemblee-nationale.fr
François Piquemal,LFI,,,francois.piquemal@assemblee-nationale.fr
Frédéric Falcon,RN,,,frederic.falcon@assemblee-nationale.fr
Clémence Guetté,LFI,,,clemence.guette@assemblee-nationale.fr
Stéphane Rambaud,RN,,,stephane.rambaud@assemblee-nationale.fr
Eléonore Caroit,REN,,,eleonore.caroit@assemblee-nationale.fr